{"authors":["jcr"],"hashtags":["daw"],"_id":"6020522103230f43808cff13","id":"5c063f0b9611a58c78b4f479572fe0bd","name":"Projeto_final_2020.pdf","title":"daw - enunciado do trabalho - 2020","subtitle":"uminho","id_produces":"maria.a.b2000@hotmail.com","dateLastUpdate":"2021-02-7","timeLastUpdate":"20:48:33","subject":"UM","description":"Criar um aplicação web ","ranking":5,"rankingList":[{"_id":"6020526b03230f43808cff16","id_user":"maria.a.b2000@hotmail.com","ranking":5}],"size":"0.1","mimeType":"application/pdf","type":"exercises","visibility":"public","id_post":"post_5c063f0b9611a58c78b4f479572fe0bd","__v":0,"posts":[{"id":"post_5c063f0b9611a58c78b4f479572fe0bd","name_file":"Projeto_final_2020.pdf","id_file":"5c063f0b9611a58c78b4f479572fe0bd","date":"2021-02-7","time":"20:48:33","user_name":"maria.a.b2000@hotmail.com","postType":"file","comments":[]},{"name_file":"Projeto_final_2020.pdf","description":"5","id_file":"5c063f0b9611a58c78b4f479572fe0bd","date":"2021-02-7","time":"20:49:47","user_name":"maria.a.b2000@hotmail.com","postType":"ranking","comments":[]}],"Bagging-Date":"2021-02-07","Bag-Size":"79 KB"}